ID	Wörter	Redewendung / Metapher	Originaltext	Zuweisung	staufisch	anti-staufisch	moralisch pos.	moralisch neg.	fol.	Zeile	Kommentar	annotiert
	geizig		tenax	Tankred v. L.		x			98v	99		LB
	klein		brevis	Tankred v. L.		x			98v	99		LB
		glüht vor Leidenschaft	intus ardet	Tankred v. L.		x		x	98v	100		LB
		die Seele ein nichts	anima nichil esse sua	Tankred v. L.		x		x	98v	105		LB
	Aufrührer		rebelles	Tankred v. L.		x		x	98v	106		LB
	Gewalt		vis	Tankred v. L.		x		x	98v	106		LB
	Versprechen		promissio	Tankred v. L.		x			98v	106		LB
	List		dolus	Tankred v. L.		x		x	98v	107		LB
	Versprechen		pollicitum	Tankred v. L.		x		x	98v	108		LB
	Gabe		munus	Tankred v. L.		x			98v	108		LB
	Iskarioth		Scariothis	Matheus v. Salerno		x		x	99v	111		LB
		Wesen des Kaisers	mores Augusti	Heinrich VI.	x			x	99v	120		LB
	Ungestüm		furor	Heinrich VI.	x			x	99v	120		LB
		teutonische Wildheit	teutonica rabies	Heinrich VI.	x			x	99v	121		LB
		barbarische Laute auf barbarische Weise	barbaricos barbarizare sonos	Heinrich VI.	x			x	99v	123		LB
		Ehebrecher im Königshof	incestus in regum aula	Matheus v. Salerno		x		x	99v	126		LB
		verschwenderisch Geld ausgeben	era ducum spargat aperta manus	Tankred v. L.		x		x	99v	127		LB
		den König anklagen	de rege querere	Sibylle v. Medania		x		x	99v	128		LB
		Angeklagter, der richtet	reus alterius acta vindicare	Tankred v. L.		x		x	99v	129		LB
		von rechtmässiger Abstammung	de germine iuso	Tankred v. L.		x	x		99v	130		LB
		von Familie, Volk und jedermann erwünscht	a gente, a populo, ab omne petitus	Tankred v. L.		x	x		99v	131		LB
	übermütig väterlicherseits		superbus patris	Tankred v. L.		x		x	99v	134		LB
	sanftmütig mütterlicherseits		mitior matris	Tankred v. L.		x	x		99v	135		LB
		geringe Bewegung schafft keinen tiefen Zweifel	dubium profundum unda brevis non habet	Tankred v. L.		x	x		99v	136		LB
		kleines Schiff rudern	ratis parva remigare	Tankred v. L.		x	x		99v	137		LB
		die Gesinnung des Bischofs schänden	archa almi patris adulterare	Matheus v. Salerno		x		x	99v	138		LB
	Ehebrecherer		bigamus	Matheus v. Salerno		x			100v	140		LB
		Worte, die er bei Nacht niederschrieb	nocturna nota	Matheus v. Salerno		x		x	100v	141		LB
		Durchbrich das Zögern	rumpe moras	Tankred v. L.		x	x		100v	144		LB
		weder Treue [...] noch Meineide	nec te, si qua fides, nec te periuria tardent	Matheus v. Salerno		x		x	100v	156		LB
		Der Ruhm der Herrschaft legitimiert jedes Mittel	Gloria regnandi cuncta licere facit	Matheus v. Salerno		x		x	100v	157		LB
		sich der Scham des Treuebruchs nicht schämen	pudorem fidei non pudere	Tankred v. L.		x		x	100v	160		LB
		Kindsmord im Dienste des Strebens nach Macht	natum subdere neci	Tankred v. L.		x		x	100v	162		LB
		Zeuge menschlichen Blutes werden	reus hominum sanguinis esse	Matheus v. Salerno		x		x	100v	165		LB
		elendes Gemach seines Geistes	mentis triste cubile suum	Tankred v. L.		x			101v	167		LB
	Scham		pudor	Tankred v. L.		x			101v	168		LB
	Angst		timor	Tankred v. L.		x			101v	168		LB
		Herz wogt im Innern	cor fluctuat intus	Tankred v. L.		x		x	101v	168		LB
		wie ein Knabe	ut puer	Tankred v. L.		x		x	101v	169		LB
		unansehnlicher Körper	corpus exiguus	Tankred v. L.		x		x	101v	172		LB
		Meineid schwören	periuria facere	Tankred v. L.		x		x	101v	180		LB
	Betrug		fraus	Tankred v. L.		x		x	101v	182		LB
	Zwerg		nanus	Tankred v. L.		x		x	101v	183		LB
	Ungeheuer		monstrum	Tankred v. L.		x		x	101v	184		LB
		Verbrechen gegen die Natur	crimen nature	Tankred v. L.		x		x	101v	184		LB
		ein Affe wird gekrönt	coronatur simia	Tankred v. L.		x		x	101v	185		LB
		schändlicher Mensch	turpis homo	Tankred v. L.		x		x	101v	185		LB
	Halbmann		semivir	Tankred v. L.		x		x	101v	187		LB
		mit Zimbeln bekränzter Mime	redimitus cimbala mimus	Tankred v. L.		x		x	101v	190		LB
		der Affe wird hoch zu Ross dahergetragen	alto simia fertur equo	Tankred v. L.		x		x	101v	193		LB
	Iskarioth		Scariothis	Matheus v. Salerno		x		x	101v	196		LB
	Jupiter		Iovis	Heinrich VI.	x		x		101v	198		LB
	Caesar		Cesar	Heinrich VI.	x		x		101v	198		LB
		ein Tag schwärzer als Pech	dies multo pice nigrior esse	Tankred v. L.		x		x	102v	200		LB
		ein Tag zum Vergessen	dies pereat nec commemoretur	Tankred v. L.		x		x	102v	202		LB
		ein Tag, der zur Höllennacht wird	dies noctescat abysso	Tankred v. L.		x		x	102v	204		LB
	Missgeburt		abortivus	Tankred v. L.		x		x	102v	207		LB
		unglücklicher Embryio	Embrion infelix	Tankred v. L.		x		x	102v	208		LB
		je höher du strebst, desto tiefer fällst Du	quam magis petis tam graviora lues	Tankred v. L.		x		x	102v	209		LB
		kleines Atom	brevis athome	Tankred v. L.		x		x	102v	210		LB
		von hinten ein Knabe, von vorne ein Greis	puer a tergo, ab ore senex	Tankred v. L.		x		x	102v	211		LB
		Unverträglichkeit der elterlichen Samen	semina non bene conveniunt	Tankred v. L.		x		x	102v	219		LB
		aus mütterlichem Samen erzeugter Mensch	solo semine matris homo concipitur	Tankred v. L.		x		x	102v	225		LB
		geringes Werk	modicum opus	Tankred v. L.		x		x	102v	227		LB
		vaterlos	patrem nomine, non re habet	Tankred v. L.		x		x	102v	228		LB
		Halbmann	dimidiatus homo	Tankred v. L.		x		x	102v	229		LB
		unglückliche Empfängnis	infelix conceptus	Tankred v. L.		x		x	102v	232		LB
	missgebildet		monstrifer	Tankred v. L.		x		x	102v	233		LB
		ein Affe herrscht	simia regnat	Tankred v. L.		x		x	103v	234		LB
		ein Mensch gleich einer Missgeburt	abortivi corporis instar homo	Tankred v. L.		x		x	103v	235		LB
		heilige Salbung nicht verdienen	sacra unctio non convenire	Tankred v. L.		x		x	103v	236		LB
	Macht (ex negativo)		vis (ex negativo)	Tankred v. L.		x		x	103v	238		LB
	Rechtschaffenheit (ex negativo)		probitas (ex negativo)	Tankred v. L.		x		x	103v	238		LB
	Ruf (ex negativo)		fama (ex negativo)	Tankred v. L.		x		x	103v	238		LB
		nach fremden Besitz streben	non sua semper amans	Tankred v. L.		x		x	103v	239		LB
		arm an Charakter und Lebensführung	moribus et vite pauper	Tankred v. L.		x		x	103v	242		LB
		geringe Kräfte und kleinen Körper	modicas vires et breve corpus habet	Tankred v. L.		x		x	103v	243		LB
		(geringe) Geistesgaben und Hinterlist 	ingenii opes et retia mentis	Tankred v. L.		x		x	103v	244		LB
		eidbrüchige Untreue	periuria fides	Tankred v. L.		x		x	103v	248		LB
		die Segel dem Wasser bei Flaute anvertrauen 	male credis aque vela quiete	Tankred v. L.		x		x	103v	250		LB
		eine Menge, die nicht begrenzt wird	copia que nulla lege numeri coacta est	Tankred v. L.		x		x	103v	252		LB
		listige Schlange	fallax anguis	Tankred v. L.		x		x	103v	258		LB
		elender König	misero rege	Tankred v. L.		x		x	107v	339		JW
	Herr		dominus	Heinrich VI.	x		x		107v	347		JW
		wie das Meer plötzlich brandet	ut mare spumescit subito	Heinrich VI.	x		x		108v	352		JW
		wie die Luft sich verfinstert	nubescit ut aer	Heinrich VI.	x		x		108v	352		JW
		wie ein Schwarm Tauben eine niedrige Eiche besetzt	obsidet ut quercum multa columba brevem	Heinrich VI.	x		x		108v	353		JW
		der Kaiser verdunkelt das Land	confinium Caesar obumbrat	Heinrich VI.	x		x		108v	354		JW
		auf einem schnellen Pferd	in celeri equo	Heinrich VI.	x		x		108v	357		JW
		Nach Art des Löwen euren Kaiser und seine Schafe scheren	more leonis Augustum vestrum tondet et eius oves	Tankred v. L.	x		x		108v	374	Gegen Heinrich VI. und sein Heer aber in Verbindung mit Vergeltung	JW
	Gunst/Ansehen		gratia	Heinrich VI.	x		x		113v	526		MCZ
	Jupiter		Iovis	Heinrich VI.	x		x		113v	529		MCZ
	Ruhm		gloria	Heinrich VI.	x		x		113v	542		MCZ
	Elende		miseranda	Konstanze v. Sizilien		x		x	114v	561		MCZ
	Opfer		hostia	Konstanze v. Sizilien		x		x	114v	568		MCZ
	mächtige Herrin		domina potens	Konstanze v. Sizilien	x		x		114v	579		MCZ
		sprach sie mutig die Feinde von der Fensteröffnung an	hostes alloquitur audacter ab ore fenestre	Konstanze v. Sizilien	x		x		115v	585		MCZ
	Feind		hostis	Tankred v. L.	x			x	115v	613		MCZ
	Verbrechen Tankreds		scelus Tancridinum	Tankred v. L.		x		x	115v	614		MCZ
	Frieden		pax	Konstanze v. Sizilien	x		x		116v	640		MCZ
	goldenes Zeitalter	glückliche Zeit am Ende der Zeit	felix post tempora tempus	Heinrich VI.	x		x		140v	1505	Heinrich läutet ein neues bibl. Zeitalter ein	DS
		im sechsten Zeitalter	Que sextum sexto tempore cernit herum!	Heinrich VI.	x		x		140v	1506	Heinrich läutet ein neues bibl. Zeitalter ein	DS
		glückliche Zeiten unserer Epoche	etatis felicia tempora nostre	Heinrich VI.	x		x		140v	1507	Heinrich läutet ein neues bibl. Zeitalter ein	DS
		saturnische Epoche 	Imperium Cesar solus et unus habet	Heinrich VI.	x		x		140v	1512	Heinrich läutet ein neues bibl. Zeitalter ein	DS
		friedliche Herrschaft des grossen Jupiter	lam redit aurati Saturnia temporis etas	Heinrich VI.	x		x		140v	1513	Heinrich läutet ein neues bibl. Zeitalter ein	DS
		fruchtbar bedarf die Erde weder des Düngers noch der Hacke,	Nec fecunda fimo nec rastris indiget ullis	Heinrich VI.	x		x		140v	1517	Heinrich läutet ein neues bibl. Zeitalter ein	DS
		Der Baum trägt kaum gepflanzt trägt schon neue Früchte.	Vix arbor partus sustinet oma novos.	Heinrich VI.	x		x		140v	1520	Heinrich läutet ein neues bibl. Zeitalter ein	DS
		Weder Rose, noch Veilchen, noch die Lilie, verblühen, wenn sie einmal zu irgendeiner Zeit entsprungen sind	Nec rosa nec viole nec lilia marcescunt, aliquo tempore nata semel.	Heinrich VI.	x		x		140v	1522	Heinrich läutet ein neues bibl. Zeitalter ein	DS
		aus einer Quelle trinken Rind, Löwe, Kranich, Adler, Schwein, Hund, Bär und Eber; dieselben Fluren weiden ab	Uno fonte bibunt, eadem pascuntur et arra	Heinrich VI.	x		x		140v	1530	Heinrich läutet ein neues bibl. Zeitalter ein	DS
		Wie ein Schaf steht der Wolf zwischenden Schafen	ut ovis stat lupus inter oves	Heinrich VI.	x		x		140v	1528	Heinrich läutet ein neues bibl. Zeitalter ein	DS
	Salomon	keiner war glücklicher als er oder erspriesslicher oder so reich seit Salomon	Iam redeunt magni regna quieta Iovis.	Heinrich VI.	x		x		140v	1514	Heinrich wird mit Salomon verglichen	DS
	Schlange	die Schlange hat ihr im Rachen bereitgehaltenes Gift von sich gegeben	Ea felicior ulla, lecior aut locuplex a Salomo ne fuit.	Heinrich VI.	x		x		140v	1524	Tankred wird mit einer Schlange verglichen	DS
	Schierling	Der Schierling ist, traurig über seine Wirkung, verdorrt.	Aruit in vires resta cicutasuas.	Tankred v. L.		x		x	140v	1526	Tankred wird mit einem Schierling verglichen	DS
	Frieden	Es wird niemanden geben, der Kriege beginnt	Evomuit serpens virus sub fauce repostum	Tankred v. L.		x		x	140v	1525	Heinrich wird fortan den Frieden wahren	DS
		Zeiten ewigen Friedens	Non erit in nostris, moveat quibella,diebus;	Heinrich VI.	x		x		140v	1531	Heinrich wird fortan den Frieden wahren	DS
	täuschend	Keine Spuren des alten Verrats 	amodo perpetue tempora pacis erunt.	Heinrich VI.	x		x		140v	1532	Tankred hat Heinrich getäuscht	DS
	irrgeleitet	Wahnsinn Tankreds	Nulla manent hodie veteris vestigia fraudis,	Tankred v. L.		x		x	140v	1533	Tankred war irrgeleitet	DS
	lächerlich	lächerlichen Königs	Qua Tancridinus polluit error humum	Tankred v. L.		x		x	140v	1534	Tankreds Herrschaft war lächerlich 	DS
	alleiniger Herrscher	mein Kaiser wird allein dasein	Ipsaque transibant derisi tempora regis.	Tankred v. L.		x		x	140v	1535	Heinrich ist alleiniger Herrscher 	DS
		Kaiser hat allein das Reich inne	meus augustus solus et unus erit	Heinrich VI.	x		x		140v	1536	Heinrich ist ein erhabener Herrscher 	DS
		ein König für alle	[...] Rex omnibus unus	Heinrich VI.	x		x		140v	1537	Heinrich ist der König aller	DS
	Trinität	eine Sonne, ein Hirte und ein Glaube	Unus sol, unus pastor et una fides.	Heinrich VI.	x		x		140v	1538	Trinität zwischen Gott, König, Glaube	DS
	Herkunft	edler Mutterleib gebar Heinrich	Que nobilis alvus Henricum genuit?	Heinrich VI.	x		x		141v	1539	Heinrich ist hochgeboren	DS
		welch Hause der Knabe geboren	Quave domo genitus fuerit puer, aurea proles?	Heinrich VI.	x		x		141v	1543	Heinrich ist hochgeboren	DS
	vollkommen	Hof ruht auf vierzig Säulen, auf denen das Reich ruht	Quater denis columnis, in quibus imperii tota quiescit humus	Heinrich VI.	x		x		141v	1550	Heinrichs Herrschaft ist bibl. vollkommen	DS
		Wahrer des Rechts und der Gerechtigkeit	Corradus [...]  iuris servator et equi	Konrad v. Querfurt	x		x		141v	1551	Konrad war Wahrer des Rechts im Reich	DS
		er schreibt das Edikt, sammelt die festgesetzten Tribute	Scribens edictum, certa tributa legens.	Konrad v. Querfurt	x		x		141v	1552	Konrad war Wahrer des Rechts im Reich	DS
		schließt die Kanzlei auf, öffnet die Siegel der Welt	Cancellos reserans, mundi signacula solvens,	Konrad v. Querfurt	x		x		141v	1553	Konrad war Wahrer des Rechts im Reich	DS
	bescheiden	Er hat keinen Hunger nach Gold, keinen Durst nach Edelmetall	Nulla fames auri, sitis illi nulla metalli;	Konrad v. Querfurt	x		x		141v	1555	Konrad war bescheiden	DS
	kirchentreu	Er liebt die Kirche	Diligit ecclesiam nec matrem filius odit,	Konrad v. Querfurt	x		x		141v	1557	Konrad war kirchentreu	DS
		Vorkämpfer des Evangeliums	Dux evangelii, iuris aperta manus.	Konrad v. Querfurt	x		x		141v	1558	Konrad war kirchentreu	DS
		Bote und geistlicher Lehrer aller	Angelus inmultos necnon paracletusinornes	Konrad v. Querfurt	x		x		141v	1559	Konrad war kirchentreu	DS
		aus dem Munde des Gesandten spricht Gott	Mittitur, et missi fatur in ore deus.	Konrad v. Querfurt	x		x		141v	1560	Konrad war kirchentreu	DS
	global	alle Freuden der Menschen, die der Erdkreis bietet, hast Du	Delicias hominum,quas habet orbis, habes.	Heinrich VI.	x		x		141v	1572	Heinrichs Herrschaft ist global	DS
	gewalsam [mutig]		vi 	Konrad v. Querfurt	x				121v	783	Konrad ist auf der Seite politisch sehr aktiv. Er schwört seine Ritter ein, sich zu verteidigen [784-800] und addressiert die Bevölkerung capuas [801-808]	NK
		der Kaiser ist fern	Augustus abest	Heinrich VI.	x				121v	793		NK
		die Kaiserin wird gefangengehalten	Augustaque capta tenetur	Konstanze v. Sizilien	x				121v	793		NK
		euer [Bevölkerung Capuas] Tankred	Tancredum Vestrum 	Tankred v. L.		x			121v	804		NK
		Unser [Konrads und seiner Männer] Kaiser ist fern in einer anderen Zone der Welt	Augustus si noster abest trans climata mundi	Heinrich VI.	x				121v	807		NK
		Unser [Konrads und seiner Männer] Kaiser 	Augustus [...] noster	Konrad v. Querfurt	x				121v	807		NK
		er [Konrads Kaiser] hat einen langen Arm	prolixas nostris habere manus	Heinrich VI.	x				121v	808		
		Sie [die Stadt Capua] ruft, sie kenne keinen König ausser Tankred	Nonnisi Tancredum clamans se noscere regem 	Tankred v. L.		x			121v	815		NK
	kleine Missgeburt		monstrum breve	Tankred v. L.		x			121v	816		NK
	rettet 		vendicat	Konrad v. Querfurt		x			122v	856		NK
		kleines Herz	cor breve	Tankred v. L.		x			123v	861		NK
		keine Treue	tam sibi [...] abesse fidem	Tankred v. L.		x		x	123v	862		NK
		zweifelnde Brust [Herz]	dubitantis pectoris	Tankred v. L.		x			123v	865		NK
		Schriftstück [...] nachdem still [heimlich] gelesen [...] verbrennen [...].	scriptum [...] tacito legeris [...],crema	Tankred v. L.		x			123v	869		NK
		Königin genannt	regina vocaris	Sibylle v. Medania					123v	871		NK
		edle Erbin	nobilis heres	Konstanze v. Sizilien	x				123v	875		NK
		Gattin	uxtor	Konstanze v. Sizilien	x				123v	876	falls es einen Unterschied zwischen uxtor und consors gibt	NK
		Welt erschüttert	quatit omne solum	Heinrich VI.	x				123v	876		NK
		süsse Liebe	dulcia amor	Sibylle v. Medania		x			123v	877		NK
		glückseligste	prebeatissima	Sibylle v. Medania		x			123v	877		NK
		Gattin [Gefährtin/Genossin]	consors	Sibylle v. Medania		x			123v	877	falls es einen Unterschied zwischen uxtor und consors gibt	NK
		Gefährtin und Wächterin [Konstanzes]	comes et custos	Sibylle v. Medania		x			123v	879		NK
		Gastfreundin und Feindin [Konstanzes]	ospes et hostis	Sibylle v. Medania		x			123v	879		NK
		Sei [Konstanze] bald überlegen, bald gleichrangig, bald geringer	Nunc maior, nunc par, nunc minor esse velis	Sibylle v. Medania		x			123v	884		NK
	Schmerz		dolores	Konstanze v. Sizilien	x				123v	889		NK
	waghalsig		ausa	Tankred v. L.		x			123v	888		NK
		Erbin des Königreichs	Heredem regni	Konstanze v. Sizilien	x				123v	888		NK
	Kaiserin		Augusta	Konstanze v. Sizilien	x				123v	889		NK
	Schmerz [erdulden]		dolores	Konstanze v. Sizilien	x				123v	889		NK
	Schmach [erdulden]		pudor	Konstanze v. Sizilien	x				123v	890		NK
	freudig		gudens	Konstanze v. Sizilien	x				123v	891		NK
		scheint stolz zu sprechen	visa superba loqui	Konstanze v. Sizilien	x				123v	892		NK
		verachtet das Werk der Aceranerin	cerree fastidit opus	Konstanze v. Sizilien	x				123v	893		NK
		verachtet das Werk der Aceranerin	cerree fastidit opus	Sibylle v. Medania		x			123v	893		NK
		lehnt es ab [von Sibylle]  geliebt zu werden	fastidit amari	Konstanze v. Sizilien	x				123v	893		NK
	Kaiserin [Gesegnete]		Fausta	Konstanze v. Sizilien	x				123v	894		NK
		befiehlt [...] herrisch [gebieterisch /mit kaiserlicher Autorität]	imperiosa iubet	Konstanze v. Sizilien	x				123v	894		NK
	leidet		dolet	Sibylle v. Medania		x			123v	895		NK
		wird [von Konstanze] gerufen	per eam vocatur	Sibylle v. Medania		x			123v	895		NK
		ihr Tankred	Tancredo [...] suo	Sibylle v. Medania		x			123v	896		NK
		ihr [Sibylle v. Messinas] Tankred	Tancredo [...] suo	Tankred v. L.		x			123v	896		NK
	Wahnsinniger		demens	Tankred v. L.		x			124v	897		NK
	Feindin [Tankreds]		hostis	Konstanze v. Sizilien	x				124v	898		NK
		hat väterliches Recht	ius patris [...] habet	Konstanze v. Sizilien	x				124v	898		NK
	Kaiser		Cesar	Heinrich VI.	x				124v	899		NK
		hochmütige Beute	preda superba	Konstanze v. Sizilien	x				124v	900		NK
		macht den Sieger zum Besiegten	victorem victum  [...] facit	Konstanze v. Sizilien	x				124v	900		NK
		[besiegter] Sieger	victorem victum  	Sibylle v. Medania		x			124v	900		NK
		[besiegter] Sieger	victorem victum	Tankred v. L.		x			124v	900		NK
		Kaum dass¸ er kommt, wird er ohne Unterschied besiegen	Protinus ut veniat, nullo discrime besiegen	Heinrich VI.	x				124v	905		NK
	Gattin [Tankreds]		uxor [Tancredi]	Sibylle v. Medania		x			124v	913		NK
		meine mir [Tankred] liebe Gattin	Cara michi coniunx	Sibylle v. Medania		x			124v	915		NK
		Pfand keuscher Liebe	casti fedus amori	Sibylle v. Medania		x	x		124v	915	Aussage Tankreds	NK
		Ein Mann von grosser Treue	Vir magne fidei	Matheus v. Salerno		x	x		124v	917	Aussage Tankreds	NK
		Gunst reifen Geistes	mature gratia mentis	Matheus v. Salerno		x			124v	917	Aussage Tankreds	NK
		Königin genannt	regina vocaris	Sibylle v. Medania		x			124v	919	Aussage Tankreds	NK
		verdanken wir, was immer wir beide [Tankred, Sibylle] sind 	debemus, quicquid uterque sumus	Matheus v. Salerno		x			124v	920	Aussage Tankreds	NK
		über das Menschenmass hinaus erkennt er das Göttliche	Trans hominem divina sapit	Matheus v. Salerno		x	x		124v	921	Aussage Tankreds	NK
		sieht alles weit voraus	videt omnia longe	Matheus v. Salerno		x			124v	921	Aussage Tankreds	NK
		zweiter Achitofel	Achitofel alter	Matheus v. Salerno		x		x	124v	922	Aussage Tankreds	NK
		Herz eines Odysseus	pectus Ulixis 	Matheus v. Salerno		x			124v	922	Aussage Tankreds	NK
		hezliebe Gattin	michi cara nimis	Sibylle v. Medania		x			124v	923	Aussage Tankreds	NK
		[zieht Tankred] gewohnheitsmässig heran 	de more vocatum	Matheus v. Salerno		x			124v	923	Aussage Tankreds	NK
	der triumphierende Führer		triumphantem [...] ducem	Heinrich VI.	x				135v	1304		DW
		übertraf er den Namen Karl seiner Ahnen und dessen Schicksalsbedeutung	multiplicat Carolis nomen et omen avis	Heinrich VI.	x		x		135v	1308		DW
		[er] reinigte [den Palast] von Lastern	a viciis mundat	Heinrich VI.	x		x		135v	1309		DW
		[er] vertrieb die Listen des saturnischen Zeitalters	Saturninos excutit dolos	Heinrich VI.	x		x		135v	1310		DW
		[er] erneuerte die Zeit Jupiters und des grossen Oktavian	Iovis et magni tempus novat Octaviani	Heinrich VI.	x		x		135v	1311		DW
	unser Salomo		nostro Salomone	Heinrich VI.	x		x		135v	1313		DW
	der unbesiegbare Kaiser		Caesari invicti	Heinrich VI.	x				135v	1315		DW
	der Waffengewaltige		armipotens	Heinrich VI.	x				136v	1339		DW
		[Die Welt seufzte darüber, dass] die Palme [ihre Früchte zurückgehalten hatte]	[Duxerat in gemitum presentis secula vite, quid fuerat fructus] palma [morata suis.]	Konstanze v. Sizilien	x		x		137v	1366	Klingt negativ konnotiert, ist aber Vorlage für die Formulierung in Zeile 1368	
		[Je später er zum Ertrag gelangt, desto beständiger trägt] der Baum [schließlich Früchte] wie die fruchtbare Olive.	[Senor ad fructus tanto constantior] arbor [natificat tandem] sicut oliva [parens.]	Konstanze v. Sizilien	x		x		137v	1368		
		Der Vater ist [zwar] vom Glück begünstigt	Felix [namque] Pater	Heinrich VI.	x		x		137v	1371		
		Denn der Vater wird mit siegreicher Lanze die Teile zum Ganzen führen und das Reich auferstehen lassen, wie es früher war.	Nam pater ad totum victrici cuspide partes ducet et inperium stare, quid ante, dabit.	Heinrich VI.	x		x		137v	1373-1374		
	Acerrarerin			Sibylle v. Medania					125v	925	?	MP
		O Bibliothek der alten Führer. O Schutz des Königreiches, reinste Treue gegenüber den Königen, Medikament des Leben		Matheus v. Salerno			x		125v	926		MP
		hochweiser König		Tankred v. L.		x	x		125v	929		MP
	schwachsinnig			Tankred v. L.		x		x	125v	931		MP
		weit in der Zukunft Liegendes siehst Du in Deinem erfahrenen Geist.		Sibylle v. Medania			x		125v	940		MP
		Der mit vielem befasste Verstand des Herrschers geht in die Irre.		Tankred v. L.		x		x	125v	943		MP
		O Pest Sodoms, brut Gomorrhas		Matheus v. Salerno				x	126v	969		MP
		Du Gefäss der Sünde, alte Amphore des Alten Verrats, Quell des Hasses, Frevel, todbringendes Chaos, Tempel des Luzifer		Matheus v. Salerno				x	126v	971		MP
		Verführer der Kirche, Belastung für die Vernunft		Matheus v. Salerno				x	126v	984		MP
		Oftmals warst Du für Freunde ein Anlass für Streit		Matheus v. Salerno				x	126v	986		MP
		Du warst der einzige Grund, weswegen die Zeiten klagen konnten		Matheus v. Salerno				x	126v	987		MP
		Bigamist der Sünde		Matheus v. Salerno				x	126v	990		MP
		falscher Bischof		Matheus v. Salerno				x	126v	999		MP
	Elender			Matheus v. Salerno				x	126v	1001		MP
	SONNE DER KAISER		SOL AUGUSTORUM	Heinrich VI.	x		x		145v	1445		SM
	Sieger		victor	Heinrich VI.	x		x		145v	1446		SM
		[Himmelsbahnen lenken]		Heinrich VI.	x		x		145v	1446		SM
		[Die Zügel des Schiksals lenken]	Ducis fortune	Heinrich VI.	x		x		145v	1448		SM
	Ruhmestitel		titulis	Heinrich VI.	x		x		145v	1450		SM
		[Besser sein als (Alexander, Salomo, Caesar)]	Nec Salomon nec Alexander nec Iulius ipse [...]	Heinrich VI.	x		x		145v	1451		SM
		[Sechster im sechsten Weltalter]	sextus ab equivocis sexto	Heinrich VI.	x		x		145v	1453		SM
		[Die Vollendung des Zeitalters anzeigen]	signas etatis tempora plena tue	Heinrich VI.	x		x		145v	1454		SM
	Grossvater mit unvergänglichem Namen		eterno nomine regnet avus	Heinrich VI.	x		x		145v	1456		SM
	Sonne (=Herrscherbez.)		sol Augustissime	Heinrich VI.	x		x		145v	1459		SM
	bereichern		ditas	Heinrich VI.	x		x		145v	1460		SM
	regieren		regis	Heinrich VI.	x		x		145v	1460		SM
	unauslöschliches Licht		lux indefecta	Heinrich VI.	x		x		145v	1461		SM
	(er-)höhen		exaltibur	Heinrich VI.	x		x		145v	1464		SM
	Sieger über Agypten		victor Egyptum	Heinrich VI.	x		x		145v	1464		SM
		neben Jupiter sein Lager aufschlagen	ponet cum Iove castra	Heinrich VI.	x		x		145v	1468		SM
		er besiegt das Reich Zion	vicerit syon	Heinrich VI.	x		x		145v	1469		SM
		er erobert die Burg David	vicerit David arce	Heinrich VI.	x		x		145v	1469		SM
		goldenes Szepter regieren	reget aurea sceptra	Heinrich VI.	x		x		145v	1470		SM
		den Knaben lehren		Heinrich VI.	x		x		143v	1610		SM
		dem Körper nach Knabe, dem Geist nach Greis		Heinrich VI.	x		x		143v	1618		SM
		besitzt jede Tugend		Heinrich VI.	x		x		143v	1619		SM
	gerecht			Heinrich VI.	x		x		143v	1622		SM
	fromm			Heinrich VI.	x		x		143v	1622		SM
	streng			Heinrich VI.	x		x		143v	1623		SM
	massvoll			Heinrich VI.	x		x		143v	1623		SM
		den Göttern gleich		Heinrich VI.	x		x		143v	1634		SM
		[seine] Tugenden wetteifern		Heinrich VI.	x		x		143v	1637		SM
		die Weisheit nahm [ihn] in ihren Schoss auf		Heinrich VI.	x		x		143v	1639		SM
	fromm		pius	Heinrich VI.	x		x		130v	1119		LS
	Waffenmächtige		armipotens	Heinrich VI.	x		x		130v	1119		LS
		die ganze Finsternis zu vertreiben	Ut [...] omnen letus eclipsin	Heinrich VI.	x		x		130v	1119		LS
		die Götter Italiens unter sein Kommando 	Ressit et Experios is sua issua deos	Heinrich VI.	x		x		130v	1120		LS
	Befiehlt		Imperat	Heinrich VI.	x		x		130v	1121		LS
		Sonne der Himmlischen 	sol renga 	Heinrich VI.	x		x		130v	1145		LS
		hat der Kaiser die Gewalt	numina Cesar habet	Heinrich VI.	x		x		130v	1146		LS
	Froh		letus	Heinrich VI.	x		x		130v	1147		LS
	Waffenmächtige		armipotens	Heinrich VI.	x		x		131v	1151		LS
		blinkende Waffen des Kaisers	iam Cesaris arma coruscant	Heinrich VI.		x		x	131v	1161		LS
		das Land der Heilkunde untersteht Deinem Befehl	Subjacat imperio phisica terra nuo.	Heinrich VI.	x		x		131v	1164		LS
		nach Art des himmlischen Herrschers bewogen	flecteur more Tonantis	Heinrich VI.	x				131v	1167		LS
	liebevoll		pium	Heinrich VI.	x		x		131v	1168		LS
		Gott aus Nazareth	Nazarenus deus	Heinrich VI.	x		x		131v	1169		LS
		zu einem Menschen gemahct in sterblicher Hülle	in umano tegmine factus homo	Heinrich VI.	x		x		131v	1170		LS
	Majestät		majestate	Heinrich VI.	x		x		131v	1171		LS
		jedes Werk als Richter zu sühnen	Pro meritis iudex omne piabit opus	Heinrich VI.	x		x		131v	1172		LS
	liebevoll		pius	Heinrich VI.	x		x		131v	1173		LS
	wohlwollend		benignus	Heinrich VI.	x		x		131v	1173		LS
		Du bist die Sonne	Tu sol	Heinrich VI.	x		x		133v	1237		LS
		Du das Licht in der Welt	Tu lumien in orbe	Heinrich VI.	x		x		133v	1237		LS
		Du der ersehnte Tag	Tu spectata dies	Heinrich VI.	x		x		133v	1238		LS
		der Du kommst ohne Nacht	qui sine nocte venis	Heinrich VI.	x		x		133v	1238		LS
		Du wirst die Finsternis des Reiches mit dem Lich Deiner Waffe vertreiben	Tu regni tenebras armata luce fugabis  	Heinrich VI.	x		x		133v	1239		LS
		Du wirst die Fülle des Freidens sein, der Du die Streitigkeiten schlichtest	Discutiens lites copia pacis eris	Heinrich VI.	x		x		133v	1240		LS
		der Du die Welt unter den Frieden zwingst	Quis mundum sub pace ligas 	Heinrich VI.	x		x		133v	1241		LS
		der Du die Kriege unterdrückst	qui bella coherces	Heinrich VI.	x		x		133v	1241		LS
		der Du die stolzen Nacken der Könige unter Deinem Fusse zertrittst	Inclita qui regum sub pede colla teris	Heinrich VI.	x		x		133v	1242		LS
		Denn der Welt zu dienen, das scheint Dir Herrschen zu bedeuten	Nam servire tibi mundo regnare videtur	Heinrich VI.	x		x		133v	1245		LS
		und darin wirst Du als Kaiser grösser als der gorsse Caesar sein	Maior in hoc magno Cesare Cesar eris	Heinrich VI.	x		x		133v	1246		LS
		das Königlein hat unsere Stadt verlassen	profugus nostram dimisit regulus urbem 	Tankred v. L.	x			x	133v	1247		LS
		elende Gattin	miserabilis uxor	Sibylle v. Medania	x			x	134v	1257		LS
	elend		miseri	Tankred v. L.	x			x	134v	1257		LS
		liess sie verbittert aus ihren Augen die Tränen fliessen	In lacrimas oculos solvit amara suos	Sibylle v. Medania	x			x	134v	1262		LS
	Tyrannei		tirannidis	Tankred v. L.	x			x	134v	1279		LS
		demütig um Gnade flehen	veniam summissa precabor	Sibylle v. Medania	x		x		134v	1293		LS
	Schluchzen		Singultus	Sibylle v. Medania	x			x	134v	1295		LS
	Wehklagen		gemitus	Sibylle v. Medania	x			x	134v	1295		LS
	Seufzen		suspiria	Sibylle v. Medania	x			x	134v	1295		LS
	Weinen		fletus	Sibylle v. Medania	x			x	134v	1295		LS
		Sie werden für mich kämpfen	Pro me pugnabunt	Sibylle v. Medania		x		x	134v	1297		LS